id,name,nickname,status,bedrooms,bathrooms,accommodates,propertyTypeId,propertyTypeName,roomTypeId,roomTypeName,city,state,country,zipcode,latitude,longitude,basePrice,currency,weeklyDiscount,monthlyDiscount,cleaningFee,securityDeposit,minimumStay,maximumStay,checkInTime,checkOutTime,ownerId,createdAt,updatedAt,channelCount,photoCount,amenityCount
169541,Sleeps 40! 13BR•Heated Pool•Waterfront Resort•Spa,,,,,,8,,,,,,,,,,,,0.67,,550,,,,,10,,,,0,0,0
169542,Elmwood Park Remodeled Studio Condo,,,,,,1,,,,,,,,,,,,0.9,0.5,150,,,,,11,,,,0,0,0
169543,Mins from O'Hare • Safe Location • Private Parking,,,,,,1,,,,,,,,,,,,0.55,0.5,150,,,,,10,,,,0,0,0
169588,Lakeside Retreat-4plex Sleeps 20,,,,,,8,,,,,,,,,,,,,,500,,,,,10,,,,0,0,0
170031,#1 Rated Mansion • Heated Pool/Spa • Theater • Gym • Game Room,,,,,,8,,,,,,,,,,,,0.8,0.75,350,,,,,10,,,,0,0,0
170743,Cozy Home Sleeps 10 Lombard Chicago Suburb,,,,,,2,,,,,,,,,,,,0.45,0.35,200,,,,,11,,,,0,0,0
171429,Clearwater Beach House • Heated Pool • Hot Tub,,,,,,8,,,,,,,,,,,,0.75,0.6,200,,,,,10,,,,0,0,0
176084,2BR • Sleeps 7 •  King Bed • Prime Location,,,,,,1,,,,,,,,,,,,0.9,0.6,150,,,,,10,,,,0,0,0
176279,Top Rated Condo • King Bed • Safe Historic Location,,,,,,1,,,,,,,,,,,,0.9,0.6,150,,,,,10,,,,0,0,0
176280,Top Rated Condo • 65” TV • Family-friendly 2BR,,,,,,1,,,,,,,,,,,,0.9,0.6,150,,,,,10,,,,0,0,0
176657,King Bed • 2BR • Sleeps 13 • Historic Location,,,,,,1,,,,,,,,,,,,0.9,0.6,150,,,,,10,,,,0,0,0
176658,Elmwood Park 2 BR Condo (Great for Kids!),,,,,,1,,,,,,,,,,,,0.95,0.6,150,,,,,10,,,,0,0,0
176698,Sleeps 25+ 6BR Waterfront • Heated Pool • Hot Tub • Game Room • Firepit,,,,,,8,,,,,,,,,,,,0.8,0.75,250,,,,,10,,,,0,0,0
198945,Luxury King Bed • Remodeled Safe Chicago Condo,,,,,,1,,,,,,,,,,,,0.9,0.7,200,,,,,10,,,,0,0,0
229451,Luxurious Remodeled 1BR Condo,,,,,,1,,,,,,,,,,,,0.7,0.5,150,,,,,11,,,,0,0,0
241916,Sleeps 25 • Heated Pool • Indoor/Outdoor Games• Theater,,,,,,8,,,,,,,,,,,,,,350,,,,,10,,,,0,0,0
257750,3BR Modern Apt • Gym • Workspace • Quiet Location,,,,,,1,,,,,,,,,,,,0.8,0.65,200,,,,,10,,,,0,0,0
272036,New Modern 3BR • Gym • Workspace • Quiet Location,,,,,,1,,,,,,,,,,,,,,200,,,,,10,,,,0,0,0
275594,Sleeps 25+ 9BR Heated Pool • Hot Tub • Golf Simulator,,,,,,8,,,,,,,,,,,,0.8,0.75,500,,,,,10,,,,0,0,0
277571,Heated Pool & Spa •  Outdoor Kitchen/Theater/Games,,,,,,8,,,,,,,,,,,,,,350,,,,,10,,,,0,0,0
282032,4 BR • Theater Room • Gym • Walk to Lincoln Park!,,,,,,2,,,,,,,,,,,,,,350,,,,,10,,,,0,0,0
286720,"Downtown Philly, Luxury Condo",,,,,,6,,,,,,,,,,,,0.95,0.95,200,,,,,10,,,,0,0,0
288169,"3 BR Pool Home, Near the Beach & Golf Courses!",,,,,,2,,,,,,,,,,,,,,200,,,,,10,,,,0,0,0
291910,4BR Sunny Paradise near Disney World,,,,,,2,,,,,,,,,,,,,,300,,,,,10,,,,0,0,0
292039,Game Room • Fire-pit • Playground • Gym • Billiard,,,,,,2,,,,,,,,,,,,,,250,,,,,10,,,,0,0,0
293009,Private Gym • 2BR • Modern Condo Downtown,,,,,,1,,,,,,,,,,,,,,175,,,,,11,,,,0,0,0
293940,"Sunset Lakefront Home | Hot Tub, Private Dock",,,,,,2,,,,,,,,,,,,,,250,,,,,11,,,,0,0,0
294309,Near O'hare • Personal Gym & Balcony • Safe Area,,,,,,1,,,,,,,,,,,,0.9,0.7,150,,,,,11,,,,0,0,0
294654,2BR Downtown Birmingham • King Bed • Smart TV  •,,,,,,2,,,,,,,,,,,,,,150,,,,,11,,,,0,0,0
295024,Sleeps 25 • Heated Pool and Spa • Pickleball Court,,,,,,8,,,,,,,,,,,,,,600,,,,,10,,,,0,0,0
295028,Upscale Phoenix Abode: Walk to South Mountain Park,,,,,,8,,,,,,,,,,,,,,250,,,,,10,,,,0,0,0
301694,"3BR Charlotte Escape: Pool, Hot Tub & Theater",,,,,,2,,,,,,,,,,,,,,200,,,,,10,,,,0,0,0
301737,Gulf Coast Retreat: 3BR Waterfront | Heated Pool,,,,,,2,,,,,,,,,,,,,,250,,,,,11,,,,0,0,0
307076,"3BR Coastal Escape Near Beaches, Golf & Shops",,,,,,2,,,,,,,,,,,,,,300,,,,,10,,,,0,0,0
308199,Englewood Escape: 3BR Water-Front with Pool,,,,,,2,,,,,,,,,,,,,,300,,,,,10,,,,0,0,0
308324,Cozy Escape: North Port 3BR with Heated Pool,,,,,,2,,,,,,,,,,,,,,300,,,,,10,,,,0,0,0
311162,"Private 8BR Oasis with Pool, Spa, Treehouse",,,,,,2,,,,,,,,,,,,,,450,,,,,11,,,,0,0,0
311513,Heated Pool • 9BR/Sleeps32• Pickle/Basketball • Theater,,,,,,8,,,,,,,,,,,,,,450,,,,,10,,,,0,0,0
316719,Cozy Bremen Cabin with Hot Tub & Outdoor Bliss,,,,,,2,,,,,,,,,,,,,,150,,,,,11,,,,0,0,0
318863,Walk to the Beach! - Free Parking - Fire Pit,,,,,,2,,,,,,,,,,,,,,400,,,,,10,,,,0,0,0
322801,Luxury 5BR Lake House w/ Porch & Lake View,,,,,,2,,,,,,,,,,,,,,350,,,,,11,,,,0,0,0
323644,3BR Overland Park Home with Patio & Waterfall Pond,,,,,,2,,,,,,,,,,,,,,250,,,,,10,,,,0,0,0
328070,Tampa Waterfront 3BR Heated Pool &Dock Dander-Free,,,,,,2,,,,,,,,,,,,,,250,,,,,11,,,,0,0,0
337738,7BR • Fire Pit • Huge Private Backyard and Patio,,,,,,2,,,,,,,,,,,,0.6,0.6,250,,,,,10,,,,0,0,0
337744,Charming 6BR Home in Milwaukee’s Historic District,,,,,,2,,,,,,,,,,,,,,350,,,,,11,,,,0,0,0
338731,Private Workspace •  Sleeps 4 • Modern Stylish Stay,,,,,,1,,,,,,,,,,,,,,150,,,,,11,,,,0,0,0
338761,2BR Fitness Pad • Private Gym • Sleeps 7,,,,,,1,,,,,,,,,,,,,,150,,,,,11,,,,0,0,0
338771,Sleeps 4 • New Modern 1BR • Private Workspace,,,,,,1,,,,,,,,,,,,,,150,,,,,11,,,,0,0,0
338779,Sleeps 7 •  Huge Projector •  Designated Workspace,,,,,,1,,,,,,,,,,,,,,150,,,,,11,,,,0,0,0
341956,Cape Canaveral 3BR Escape: Steps from the Beach,,,,,,2,,,,,,,,,,,,0.6,0.6,250,,,,,11,,,,0,0,0
341984,Woodlands Escape: 3BR Texas Retreat w/ Forest View,,,,,,2,,,,,,,,,,,,,,250,,,,,11,,,,0,0,0
345111,Vermont Retreat: 3BR with Mountain Views & Trails,,,,,,2,,,,,,,,,,,,,,270,,,,,11,,,,0,0,0
346195,Waterfront •  Canal View • Games • King Bed,,,,,,2,,,,,,,,,,,,,,250,,,,,10,,,,0,0,0
353716,"Fall Foliage Retreat: Hot Tub, Kayaks & Pond Deck",,,,,,2,,,,,,,,,,,,,,150,,,,,11,,,,0,0,0
354631,"Sunny Tampa Oasis: Pool, Patio & Gazebo",,,,,,2,,,,,,,,,,,,,,275,,,,,11,,,,0,0,0
356150,"Earth's River Retreat: Kayaks, Wineries & GOTL",,,,,,2,,,,,,,,,,,,,,150,,,,,11,,,,0,0,0
361368,Chic San Antonio Cottage: 5 Miles to Downtown,,,,,,43,,,,,,,,,,,,,,150,,,,,11,,,,0,0,0
362405,Capital Getaway: Near D.C. & Hiking,,,,,,2,,,,,,,,,,,,,,150,,,,,11,,,,0,0,0
363369,Bright Sunroom & Water View in Cape Coral,,,,,,2,,,,,,,,,,,,,,250,,,,,11,,,,0,0,0
367527,Rustic Escape w/ Game Room & Modern Amenities,,,,,,2,,,,,,,,,,,,,,300,,,,,11,,,,0,0,0
374265,"3BR Home with Pool & Parking, Solar Power",,,,,,2,,,,,,,,,,,,,,275,,,,,10,,,,0,0,0
374735,Serene 3 BR Canyon Lake Getaway w/ Stunning Views!,,,,,,2,,,,,,,,,,,,,,250,,,,,10,,,,0,0,0
375113,Serene 4BR Cabin: Mouth of Wilson Countryside Retreat,,,,,,7,,,,,,,,,,,,,,300,,,,,10,,,,0,0,0
376370,4BR Riverfront House w/ Private Boat Dock,,,,,,2,,,,,,,,,,,,,,250,,,,,10,,,,0,0,0
379114,2BR • Newly Furnished Modern Apt • Near O'Hare,,,,,,1,,,,,,,,,,,,,,200,,,,,10,,,,0,0,0
381450,Hawthorne Retreat w/ Waterfront Fire Pit!,,,,,,2,,,,,,,,,,,,,,200,,,,,10,,,,0,0,0
381758,"Dunnellon Dream - Pool, Fire Pit & Outdoor Bar",,,,,,2,,,,,,,,,,,,,,200,,,,,10,,,,0,0,0
386299,Jacuzzi • Gym • Deck + Near VA Wineries,,,,,,2,,,,,,,,,,,,,,170,,,,,10,,,,0,0,0
386702,5BR Lakefront Home - Dock & Boat Rental + Views!,,,,,,2,,,,,,,,,,,,,,350,,,,,10,,,,0,0,0
387076,Modern Santa Cruz Studio Near Beach + Hot Tub,,,,,,1,,,,,,,,,,,,,,200,,,,,10,,,,0,0,0
387696,New 3BR Lakefront Home w/ Dock + Fishing Pond,,,,,,2,,,,,,,,,,,,,,250,,,,,10,,,,0,0,0
387720,Stunning Views - Hot Tub - Fire Pit - Grill,,,,,,2,,,,,,,,,,,,,,200,,,,,10,,,,0,0,0
388108,Sleeps 24-Beachfront Entire Resort- Outdoor Pool 7BR,,,,,,8,,,,,,,,,,,,,,500,,,,,10,,,,0,0,0
388145,Penthouse w/Pool+Rooftop Terrace | Midtown Atlanta,,,,,,6,,,,,,,,,,,,0.95,0.95,300,,,,,10,,,,0,0,0
388546,Events and Concierge! 6BR Heated Pool Near Wineries,,,,,,8,,,,,,,,,,,,,,610,,,,,11,,,,0,0,0
389952,Madeira Beachside - Pool & Steps to the Sand,,,,,,30,,,,,,,,,,,,,,75,,,,,10,,,,0,0,0
390041,"Steps to Beach, Heated Pool, 2 Queen Beds, 2BA",,,,,,30,,,,,,,,,,,,,,115,,,,,10,,,,0,0,0
390042,"King Bed, Steps to Madeira Beach, Heated Pool, Private",,,,,,29,,,,,,,,,,,,,,90,,,,,10,,,,0,0,0
390047,"King Bed, Step to Madeira Beach, Heated Pool, Private",,,,,,29,,,,,,,,,,,,,,90,,,,,10,,,,0,0,0
390048,Queen Bed-Step to Madeira Beach-Heated Pool-Private,,,,,,29,,,,,,,,,,,,,,90,,,,,10,,,,0,0,0
390049,King Bed-Step to Madeira Beach-Heated Pool-Private,,,,,,29,,,,,,,,,,,,,,90,,,,,10,,,,0,0,0
390407,Budget-Friendly Room| Free Coffee | Downtown,,,,,,30,,,,,,,,,,,,,,60,,,,,11,,,,0,0,0
391954,Theater • Game Room • Gym • Firepit • 4BR Home,,,,,,2,,,,,,,,,,,,,,300,,,,,10,,,,0,0,0
396791,Sleeps 18 • 8BR • Game Room • Gym • Theater,,,,,,2,,,,,,,,,,,,,,500,,,,,10,,,,0,0,0
397996,2BR w/ Workspace + Coffee Bar • Near Transit,,,,,,1,,,,,,,,,,,,,,200,,,,,10,,,,0,0,0
398024,2BR • Sleeps 7 • Coffee Station • Backyard w/ Grill,,,,,,2,,,,,,,,,,,,,,200,,,,,10,,,,0,0,0
398029,2BR Traveler's Favorite • Modern and Clean,,,,,,1,,,,,,,,,,,,,,200,,,,,10,,,,0,0,0
398826,Cozy New Hampshire Retreat Near Attitash Mountain,,,,,,2,,,,,,,,,,,,,,300,,,,,10,,,,0,0,0
402080,Private Fenced Backyard • Pet Friendly • Grill,,,,,,2,,,,,,,,,,,,,,300,,,,,11,,,,0,0,0
402187,Private Fenced Backyard • Pet Friendly • Grill,,,,,,2,,,,,,,,,,,,,,250,,,,,12,,,,0,0,0
402483,Private Fenced Backyard • Pet Friendly • Grill,,,,,,2,,,,,,,,,,,,,,250,,,,,11,,,,0,0,0
404734,Dockside and Waterfront with Pool in Charlotte Harbor,,,,,,2,,,,,,,,,,,,,,250,,,,,10,,,,0,0,0
405846,"Amazing Views! Private Sauna, Game Room, Private Deck",,,,,,2,,,,,,,,,,,,,,585,,,,,10,,,,0,0,0
406909,Palm Tree Paradise in Dania Beach,,,,,,2,,,,,,,,,,,,,,165,,,,,11,,,,0,0,0
407320,Family and Friends Getaway – Panoramic Mountain Vistas,,,,,,2,,,,,,,,,,,,,,300,,,,,10,,,,0,0,0
409057,Gulf Front Condo on Scenic 30A | Steps to the Beach!,,,,,,6,,,,,,,,,,,,,,384,,,,,10,,,,0,0,0
409531,Golden Coast Haven Steps to Dorado Beach,,,,,,2,,,,,,,,,,,,,,250,,,,,10,,,,0,0,0
410197,Farrington Legacy Ranch,,,,,,2,,,,,,,,,,,,,,225,,,,,11,,,,0,0,0
410570,"Waterfront Luxe Pool, Hot Tub, Theater, Games and More!",,,,,,8,,,,,,,,,,,,,,550,,,,,11,,,,0,0,0
410664,Highfield Haven Decked-Out Cockeysville Escape,,,,,,1,,,,,,,,,,,,,,121,,,,,10,,,,0,0,0
410669,Decked-Out Sanctuary Near Loch Raven & Baltimore,,,,,,1,,,,,,,,,,,,,,121,,,,,10,,,,0,0,0
411114,Near Downtown • 10 Mins from Airport + Parking,,,,,,2,,,,,,,,,,,,,,150,,,,,10,,,,0,0,0
411115,Mountain Views • Hot Tub • Gameroom • Firepit,,,,,,2,,,,,,,,,,,,,,140,,,,,11,,,,0,0,0
411519,Private Fenced Backyard • Pet Friendly • Garage Parking,,,,,,2,,,,,,,,,,,,,,200,,,,,10,,,,0,0,0
411617,Private Deck • Pet Friendly • Spacious Courtyard,,,,,,1,,,,,,,,,,,,,,110,,,,,10,,,,0,0,0
411884,Private Deck • Pet Friendly • Spacious Courtyard,,,,,,1,,,,,,,,,,,,,,120,,,,,10,,,,0,0,0
412231,Private Deck • Pet Friendly • Spacious Courtyard,,,,,,1,,,,,,,,,,,,,,120,,,,,10,,,,0,0,0
412941,"Pool, Tennis, Gym & Hot Tub | 55+ Resort-Style Mountain Stay",,,,,,1,,,,,,,,,,,,,,200,,,,,10,,,,0,0,0
412947,Sleeps 18 • 7BR • Gym • Game Room • Theater,,,,,,2,,,,,,,,,,,,,,500,,,,,10,,,,0,0,0
413503,Modern Coastal Suite | Walk to Beach + Dining,,,,,,30,,,,,,,,,,,,,,80,,,,,10,,,,0,0,0
413504,Cozy Keys Stay | King Bed + Luxe Bath,,,,,,1,,,,,,,,,,,,,,80,,,,,10,,,,0,0,0
413509,"Walk to Beach + Dining, 2BR, King Bed",,,,,,1,,,,,,,,,,,,,,80,,,,,10,,,,0,0,0
413586,King Bed • Private Backyard • Grill and Fireplace,,,,,,2,,,,,,,,,,,,,,206,,,,,11,,,,0,0,0
413979,Casa Maya Lodge – Volcano-View | Infinity Pool,,,,,,7,,,,,,,,,,,,,,200,,,,,11,,,,0,0,0
414407,"Spacious 4-Floor Villa with Jacuzzi, Event Terrace & Pet-Friendly Stay",,,,,,2,,,,,,,,,,,,,,550,,,,,10,,,,0,0,0
414745,"Eco Villa with Pool, Jacuzzis, Organic Garden, Pet-Friendly",,,,,,31,,,,,,,,,,,,,,250,,,,,10,,,,0,0,0
414765,Modern Condo with Private Porch | Mins to NYC,,,,,,6,,,,,,,,,,,,,,110,,,,,10,,,,0,0,0
414766,Rooftop Deck • NYC Skyline Views • Near Times Sq,,,,,,6,,,,,,,,,,,,,,220,,,,,10,,,,0,0,0
414771,"Eco Lodge Retreat | Pool, Jacuzzis & Pet-Friendly Stay",,,,,,2,,,,,,,,,,,,,,250,,,,,10,,,,0,0,0
415385,"Balcony • Fire Pit • Near Zion, Bryce + Grand Canyon",,,,,,2,,,,,,,,,,,,,,150,,,,,11,,,,0,0,0
416710,Modern Estate • Front Porch • Outdoor Seating,,,,,,2,,,,,,,,,,,,,,150,,,,,10,,,,0,0,0
416843,Historic Riverside Inn • Breakfast + Tavern,,,,,,50,,,,,,,,,,,,,,600,,,,,11,,,,0,0,0
417693,"Private Hot Tub, Game Room, Firepit and Grill - Resort Amenities",,,,,,2,,,,,,,,,,,,,,280,,,,,10,,,,0,0,0
418053,Farmington Hills Tiny Home • Workspace + Parking,,,,,,2,,,,,,,,,,,,,,100,,,,,11,,,,0,0,0
418361,Pet-Friendly • Outdoor Space + Parking,,,,,,2,,,,,,,,,,,,,,80,,,,,11,,,,0,0,0
418396,Detroit Retreat • Fire Pits + Gazebo & Charcoal Grill,,,,,,2,,,,,,,,,,,,,,150,,,,,11,,,,0,0,0
418423,Central Myrtle Beach Stay | Walk to Ocean,,,,,,50,,,,,,,,,,,,,,100,,,,,11,,,,0,0,0
419271,Spacious Yard • Free Parking • Dining for 8,,,,,,2,,,,,,,,,,,,,,20,,,,,10,,,,0,0,0
419730,Beachfront • Outdoor Lounge + Parking,,,,,,2,,,,,,,,,,,,,,250,,,,,10,,,,0,0,0
419871,Fenced Yard • BBQ + Fireplace • Near Truist Park,,,,,,2,,,,,,,,,,,,,,200,,,,,11,,,,0,0,0
420204,Fenced Yard • Fire Pit • Grill,,,,,,2,,,,,,,,,,,,,,220,,,,,10,,,,0,0,0
420315,"Spacious Gaston Lodge | Outdoor Grill, Spacious Yard & Board Games",,,,,,2,,,,,,,,,,,,,,350,,,,,11,,,,0,0,0
420320,Sleeps 40! Wine Country Lodge | Indoor Fireplace & Free Parking,,,,,,5,,,,,,,,,,,,,,500,,,,,11,,,,0,0,0
420505,Gated Townhome • Pet-Friendly • Gym • Office,,,,,,10,,,,,,,,,,,,,,275,,,,,11,,,,0,0,0
420687,Outdoor Kitchen• Gameroom • Pool • King Suite,,,,,,2,,,,,,,,,,,,,,300,,,,,10,,,,0,0,0
420803,"Pet-Friendly Aggie Village – Fire Pit, Games & walk to Texas A&M",,,,,,2,,,,,,,,,,,,0.85,0.7,250,,,,,10,,,,0,0,0
420927,Sleeps 20! Hot Tub - Walk to the Masters - Game Room - Gym,,,,,,2,,,,,,,,,,,,,,300,,,,,11,,,,0,0,0
421241,"Events Space! 4 Suites, Private Yard, Huge Workspace",,,,,,2,,,,,,,,,,,,,,300,,,,,10,,,,0,0,0
421366,Sleeps 15 • Movie Room • Gameroom • Free Parking,,,,,,2,,,,,,,,,,,,,,350,,,,,11,,,,0,0,0
421368,Downtown Anderson Stay | Queen Bed + Event Space,,,,,,2,,,,,,,,,,,,,,200,,,,,10,,,,0,0,0
421375,"Charming Getaway | Queen Bed, Yard & Free Parking",,,,,,2,,,,,,,,,,,,,,200,,,,,10,,,,0,0,0
421379,King Bed Retreat | Anderson Home w/ Yard & Events,,,,,,2,,,,,,,,,,,,,,200,,,,,10,,,,0,0,0
421383,Spacious Anderson Retreat | King Bed & Private Yard,,,,,,2,,,,,,,,,,,,,,200,,,,,10,,,,0,0,0
421590,Screened Pool • Pet Friendly • Grill • Near Beach,,,,,,2,,,,,,,,,,,,,,250,,,,,10,,,,0,0,0
421595,Beachfront Cabin - Kayaks - Deck - Community Amenities!,,,,,,2,,,,,,,,,,,,,,220,,,,,10,,,,0,0,0
422326,Walk to Markets • Private Backyard+Free Parking • English Help,,,,,,6,,,,,,,,,,,,,,60,,,,,11,,,,0,0,0
422787,Executive Home • Private Yard• Free Parking • Pets,,,,,,2,,,,,,,,,,,,,,151.2,,,,,10,,,,0,0,0
422793,Outdoor Deck• Air Hockey/Pool Table • Fireplace • Grill,,,,,,2,,,,,,,,,,,,,,270,,,,,10,,,,0,0,0
422825,Mins from Beach! Private Pool & Garden • 4 Ensuites | La Veleta Villa Getaway,,,,,,8,,,,,,,,,,,,,,400,,,,,10,,,,0,0,0
423052,Beachfront Oasis with Stunning Views,,,,,,2,,,,,,,,,,,,,,500,,,,,11,,,,0,0,0
423326,Private Yard • Free Parking • WiFi • Workspace,,,,,,2,,,,,,,,,,,,,,350,,,,,11,,,,0,0,0
423533,Singing Trees Inn – Queen Bed Riverside Getaway,,,,,,50,,,,,,,,,,,,,,100,,,,,11,,,,0,0,0
423608,Spacious Runaway Bay Home Near Beach and Dining,,,,,,2,,,,,,,,,,,,,,35,,,,,11,,,,0,0,0
423659,King Bed Historic Riverside Getaway in Glen Rose,,,,,,50,,,,,,,,,,,,,,100,,,,,11,,,,0,0,0
423716,Waterfront House • Game Room • Fire Pit • Pavilion,,,,,,2,,,,,,,,,,,,,,350,,,,,10,,,,0,0,0
423859,Full Room Riverside Getaway in Historic Glen Rose,,,,,,50,,,,,,,,,,,,,,100,,,,,11,,,,0,0,0
423870,Mins to Disney• Free Parking• Spanish Villa• WiFi,,,,,,1,,,,,,,,,,,,,,200,,,,,11,,,,0,0,0
424455,Private Backyard• Free Parking• Grill• Deck,,,,,,2,,,,,,,,,,,,,,150,,,,,11,,,,0,0,0
424693,Mins to Beach• Pet Friendly• Private Yard• WiFi,,,,,,2,,,,,,,,,,,,,,250,,,,,10,,,,0,0,0
424947,Private Fenced Yard• King Bed • Grill• Fireplace,,,,,,2,,,,,,,,,,,,,,210,,,,,10,,,,0,0,0
425072,Lakefront• Private Dock • Firepit• High Speed WiFi,,,,,,2,,,,,,,,,,,,,,100,,,,,11,,,,0,0,0
425102,Walk to Downtown Blair• Game Room + Fire Place• Pet Friendly,,,,,,2,,,,,,,,,,,,,,275,,,,,9,,,,0,0,0
425357,Mins from SoFi• Free Parking + Grill• Pet Friendly,,,,,,2,,,,,,,,,,,,,,250,,,,,11,,,,0,0,0
425413,Modern 4BR – 2532 Sq Ft w/ Office & Game Room,,,,,,2,,,,,,,,,,,,,,275,,,,,10,,,,0,0,0
426101,Amazing Volcano Views• Pool and Resort Amenities • Private Yard,,,,,,2,,,,,,,,,,,,0.95,0.9,35,,,,,11,,,,0,0,0
426579,Amazing Volcano Views• Pool and Resort Amenities • Private Yard,,,,,,2,,,,,,,,,,,,0.95,0.9,35,,,,,11,,,,0,0,0
426601,"Top-Floor Rosarito Penthouse | Ocean Views, Sauna, Jacuzzi & Pools",,,,,,6,,,,,,,,,,,,,,55,,,,,11,,,,0,0,0
426613,Eastside and Downtown Austin Near UT Access and Nightlife,,,,,,2,,,,,,,,,,,,,,10,,,,,10,,,,0,0,0
426879,Pet-Friendly 3BR/3BA • 15 Min to Airport,,,,,,2,,,,,,,,,,,,,,151,,,,,10,,,,0,0,0
427032,Amazing Volcano Views• Pool and Resort Amenities • Private Yard,,,,,,2,,,,,,,,,,,,0.9,0.8,35,,,,,11,,,,0,0,0
427093,Fireplace - Free Parking - Gym - Walk to Stadium,,,,,,2,,,,,,,,,,,,,,175,,,,,11,,,,0,0,0
427094,Amazing Volcano Views• Pool and Resort Amenities • Private Yard,,,,,,2,,,,,,,,,,,,0.9,0.8,35,,,,,11,,,,0,0,0
428205,Hot Tub with Views • Game Room • Fire Pit,,,,,,2,,,,,,,,,,,,,,250,,,,,11,,,,0,0,0
429196,Niagara Falls • Pet Friendly • Free Parking,,,,,,1,,,,,,,,,,,,,,200,,,,,11,,,,0,0,0
429204,Luxury Estate- Private Yard • 2 King Beds,,,,,,2,,,,,,,,,,,,,,250,,,,,10,,,,0,0,0
429274,Private Ensuite Room- Free Parking • Free WiFi,,,,,,2,,,,,,,,,,,,,,100,,,,,11,,,,0,0,0
429543,"5 Mins from the Beach! Private Pool and Hot Tub, Mini-Golf & Entertainment",,,,,,8,,,,,,,,,,,,,,300,,,,,11,,,,0,0,0
429656,Coastal Villa Retreat with Private Jacuzzi & Garage Near Isla de la Plata,,,,,,2,,,,,,,,,,,,,,25,,,,,10,,,,0,0,0
429671,"6BR – 3221 Sq Ft w/ Game Room, Near Everything",,,,,,2,,,,,,,,,,,,,,275,,,,,11,,,,0,0,0
429745,"Retreat Villa with Pool, Jacuzzi, and Pet-Friendly Stay",,,,,,8,,,,,,,,,,,,,,25,,,,,10,,,,0,0,0
429780,Downtown Access • Huge Backyard • Free Parking,,,,,,2,,,,,,,,,,,,,,150,,,,,11,,,,0,0,0
430033,"Nature Escape Villa | Pool, Jacuzzis & Pet-Friendly Stay",,,,,,8,,,,,,,,,,,,,,25,,,,,10,,,,0,0,0
430058,Private Backyard · Firepit · BBQ Grill,,,,,,43,,,,,,,,,,,,,,125,,,,,11,,,,0,0,0
430087,"Walk to Downtown • Fire Pit • Huge Backyard, Free Parking",,,,,,2,,,,,,,,,,,,,,250,,,,,11,,,,0,0,0
430150,Private Deck • Pet Friendly • Spacious Courtyard,,,,,,1,,,,,,,,,,,,,,145,,,,,10,,,,0,0,0
430151,Private Deck • Pet Friendly • Spacious Courtyard,,,,,,1,,,,,,,,,,,,,,145,,,,,10,,,,0,0,0
430401,Pet-Friendly • Spacious Backyard • BBQ Grill,,,,,,2,,,,,,,,,,,,,,200,,,,,11,,,,0,0,0
430453,Prime Location • NYC Luxury Condo • Free Parking,,,,,,1,,,,,,,,,,,,,0.85,200,,,,,10,,,,0,0,0
431033,"Waterfront • Mins from Coachella • Games, FirePit, Grill",,,,,,2,,,,,,,,,,,,,,385,,,,,11,,,,0,0,0
431088,"Family Friendly Sleeps 6, 20 min NYC+FreeParking",,,,,,6,,,,,,,,,,,,,0.85,175,,,,,10,,,,0,0,0
431298,Private Fenced Yard • Fireplace • Free Parking,,,,,,2,,,,,,,,,,,,,,189,,,,,10,,,,0,0,0
431312,Private Fenced Yard • Fireplace • Free Parking,,,,,,2,,,,,,,,,,,,,,210,,,,,10,,,,0,0,0
431719,Hot Tub • Private Gym • Games,,,,,,2,,,,,,,,,,,,,,150,,,,,10,,,,0,0,0
431803,Private Fenced Yard • Free WiFi • Free Parking,,,,,,1,,,,,,,,,,,,,,40,,,,,11,,,,0,0,0
431809,Spacious Backyard • Fireplace • Mins from Downtown,,,,,,2,,,,,,,,,,,,,,300,,,,,10,,,,0,0,0
431942,Rainforest Eco Lodge – Sleeps 33 - Near El Yunque & Culebra Ferry,,,,,,31,,,,,,,,,,,,,,200,,,,,11,,,,0,0,0
432094,Spacious Backyard • Fireplace • Mins from Downtown,,,,,,1,,,,,,,,,,,,,,150,,,,,10,,,,0,0,0
432103,Spacious Backyard • Fireplace • Mins from Downtown,,,,,,1,,,,,,,,,,,,,,150,,,,,10,,,,0,0,0
432274,Private Balcony - Gaming - New Furniture,,,,,,1,,,,,,,,,,,,,,100,,,,,10,,,,0,0,0
432284,Relax by the Fire • Grill & Dine Under the Stars,,,,,,17,,,,,,,,,,,,,,50,,,,,10,,,,0,0,0
432534,Outdoor Dining • BBQ Grill • Fire Pit • Park Views,,,,,,17,,,,,,,,,,,,,,50,,,,,10,,,,0,0,0
432619,Mins from the Lake! King Bed • Firepit • Grill,,,,,,17,,,,,,,,,,,,,,50,,,,,10,,,,0,0,0
432637,Mins to the Beach! - Pool - Screened Porch - Free Parking,,,,,,6,,,,,,,,,,,,,,250,,,,,10,,,,0,0,0
433402,58-Acre Estate • Pool • Fireplace • Outdoor Dining,,,,,,2,,,,,,,,,,,,,,500,,,,,11,,,,0,0,0
433545,"Walk to the Lake! Grill, Fireplace, Sleeps 12",,,,,,2,,,,,,,,,,,,,,325,,,,,11,,,,0,0,0
433974,Fenced Yard • Fire pit • Fireplace • Pet Friendly,,,,,,2,,,,,,,,,,,,,,200,,,,,11,,,,0,0,0
434131,Sleeps 22 • Modern Multi-Unit • Gym • Workspaces,,,,,,2,,,,,,,,,,,,,,450,,,,,11,,,,0,0,0
434364,Private Pool Retreat • BBQ Grill+ Pet Friendly,,,,,,2,,,,,,,,,,,,,,200,,,,,11,,,,0,0,0
434447,Park your Boat! •  Mins from the Ocean • Screened Porch,,,,,,2,,,,,,,,,,,,,,200,,,,,10,,,,0,0,0
434671,Walk to the Beach • Pool • Gym • Balcony,,,,,,6,,,,,,,,,,,,,,120,,,,,11,,,,0,0,0
434712,"Beachfront • Pool + Hot Tub • Resort Games (Pickleball, Tennis)",,,,,,6,,,,,,,,,,,,,,200,,,,,10,,,,0,0,0
434835,Heated Pool/Hot Tub • Game Room • Outdoor Theater,,,,,,2,,,,,,,,,,,,0.95,0.9,250,,,,,10,,,,0,0,0
434845,Private Office • Remodeled 5BR • Modern & Spacious,,,,,,2,,,,,,,,,,,,,,275,,,,,11,,,,0,0,0
435508,"Private Fenced Backyard • Pet Friendly • Minutes to Shopping, Dining",,,,,,2,,,,,,,,,,,,,,200,,,,,11,,,,0,0,0
435798,Oceanfront View • Private BR Balconies • Free Parking,,,,,,1,,,,,,,,,,,,,,200,,,,,11,,,,0,0,0
435868,Fire Pit • Fenced Backyard • Board Games,,,,,,2,,,,,,,,,,,,,,175,,,,,11,,,,0,0,0
436208,Private Backyard •  Grill •  Drive to Disney,,,,,,2,,,,,,,,,,,,,,200,,,,,11,,,,0,0,0
436481,Oceanview •  Mins to Beach and Golf • Yard • Grill • Board Games,,,,,,2,,,,,,,,,,,,,,250,,,,,11,,,,0,0,0
436639,Amazing Views! Sleeps 16 • Resort Pool + Hot Tub • Games,,,,,,2,,,,,,,,,,,,,,500,,,,,10,,,,0,0,0
436690,S Breeze Ct.,,,,,,2,,,,,,,,,,,,,,300,,,,,11,,,,0,0,0
436870,Mins from the Beach • WiFi & AC • Outdoor Seating,,,,,,1,,,,,,,,,,,,,,200,,,,,11,,,,0,0,0
437217,Mins to Bouton Trail • Kayaks • Private Backyard,,,,,,2,,,,,,,,,,,,,,75,,,,,10,,,,0,0,0
437229,"Mins to Downtown, Shops, & Casino • Near Speedway + Lake",,,,,,2,,,,,,,,,,,,,,75,,,,,10,,,,0,0,0
437612,Walk to City Park! Private Backyard • Free Parking,,,,,,2,,,,,,,,,,,,,,75,,,,,11,,,,0,0,0
437912,Fenced Yard • Foosball • Putting Green,,,,,,2,,,,,,,,,,,,,,150,,,,,11,,,,0,0,0
437914,Private Backyard • Pool Table • Bar Lounge,,,,,,2,,,,,,,,,,,,,,150,,,,,11,,,,0,0,0
438620,Mins to the Beach! • Pool Access  • Golf Course  •  Private Balcony,,,,,,6,,,,,,,,,,,,,,175,,,,,11,,,,0,0,0
438756,Waterfront • Heated Pool • Hot Tub • Boat Rental • Walk to the Beach,,,,,,2,,,,,,,,,,,,,,495,,,,,10,,,,0,0,0
438765,Camino Rio A - Near El Yunque & Culebra Ferry,,,,,,1,,,,,,,,,,,,,,200,,,,,11,,,,0,0,0
438766,Camino Rio B - Near El Yunque & Culebra Ferry,,,,,,1,,,,,,,,,,,,,,200,,,,,11,,,,0,0,0
438769,Camino Rio C - Near El Yunque & Culebra Ferry,,,,,,1,,,,,,,,,,,,,,200,,,,,11,,,,0,0,0
438772,Camino Rio D - Near El Yunque & Culebra Ferry,,,,,,1,,,,,,,,,,,,,,200,,,,,11,,,,0,0,0
438773,Camino Rio E - Near El Yunque & Culebra Ferry,,,,,,1,,,,,,,,,,,,,,200,,,,,11,,,,0,0,0
438774,Camino Rio F - Near El Yunque & Culebra Ferry,,,,,,1,,,,,,,,,,,,,,200,,,,,11,,,,0,0,0
438775,Camino Rio G - Near El Yunque & Culebra Ferry,,,,,,31,,,,,,,,,,,,,,200,,,,,16,,,,0,0,0
438776,Camino Rio H - Near El Yunque & Culebra Ferry,,,,,,31,,,,,,,,,,,,,,200,,,,,16,,,,0,0,0
439167,Oceanview • Mins to the Beach • Private BR Balcony,,,,,,1,,,,,,,,,,,,,,200,,,,,11,,,,0,0,0
439258,Oceanview • Mins to the Beach • Private BR Balconies,,,,,,1,,,,,,,,,,,,,,200,,,,,11,,,,0,0,0
439436,Pool •  Hot Tub • Pavilion Theater • Foosball & PingPong Table • 3 Decks,,,,,,8,,,,,,,,,,,,,,400,,,,,10,,,,0,0,0
439461,City-Chic at Centennial Hill in downtown Atlanta,,,,,,1,,,,,,,,,,,,0.95,0.8,140,,,,,11,,,,0,0,0
439950,Private Backyard • Newly Remodeled • Patio Grill,,,,,,2,,,,,,,,,,,,,,100,,,,,11,,,,0,0,0
440129,Near Manhattan • Modern Apartment • Free Parking,,,,,,1,,,,,,,,,,,,,,125,,,,,10,,,,0,0,0
440351,Walk to Convention Center • Downtown • Capitol Hill Nightlife,,,,,,6,,,,,,,,,,,,,,85,,,,,10,,,,0,0,0
441077,Game Room • Fire Pit • Arcade Games • Outdoor Dining,,,,,,2,,,,,,,,,,,,,,300,,,,,11,,,,0,0,0
441197,Pool + Hot Tub • Family Cabin with Games & Views,,,,,,1,,,,,,,,,,,,,,200,,,,,11,,,,0,0,0
442472,Steps from BeltLine • Private Deck & Yard • New Build House,,,,,,2,,,,,,,,,,,,,,150,,,,,11,,,,0,0,0
442637,Near Disney Parks • Pool  • Gym • Free Breakfast • Sports Court,,,,,,50,,,,,,,,,,,,,,80,,,,,11,,,,0,0,0
442641,Grand Reserve Coco Beach,,,,,,6,,,,,,,,,,,,,,250,,,,,16,,,,0,0,0
442652,Fire Pit + BBQ Grill + Lakeside RV Retreat,,,,,,17,,,,,,,,,,,,,,50,,,,,10,,,,0,0,0
442837,Fenced Yard • Outdoor Lounge + Grill • Mini Library • Sleep 12,,,,,,2,,,,,,,,,,,,,,300,,,,,11,,,,0,0,0